metric	value
n_patients	130
n_deaths	78
n_high	65
n_low	65
cutoff_tpm	83.6826
logrank_chisq	10.6893942690003
logrank_p	0.00107751481218177
group_high_vs_low_hr	2.11298142260223
group_hr_ci_lower	1.3397356949869
group_hr_ci_upper	3.33251589023742
group_cox_p	0.00129048951907457
group_proportional_hazards_test_p	0.763945668429844
per_log2_tpm1_hr	1.79766260806123
per_log2_tpm1_ci_lower	1.18761952484825
per_log2_tpm1_ci_upper	2.72106578311302
continuous_cox_p	0.00555484680715258
continuous_proportional_hazards_test_p	0.559766396679027
